<?xml version="1.0" encoding="UTF-8"?>
<GenRun Id="impl_1" LaunchPart="xc7z020clg484-1" LaunchTime="1607782022">
  <File Type="ROUTE-PWR" Name="blinker_power_routed.rpt"/>
  <File Type="PA-TCL" Name="blinker.tcl"/>
  <File Type="BITSTR-BMM" Name="blinker_bd.bmm"/>
  <File Type="ROUTE-PWR-SUM" Name="blinker_power_summary_routed.pb"/>
  <File Type="REPORTS-TCL" Name="blinker_reports.tcl"/>
  <File Type="OPT-DCP" Name="blinker_opt.dcp"/>
  <File Type="OPT-DRC" Name="blinker_drc_opted.rpt"/>
  <File Type="OPT-HWDEF" Name="blinker.hwdef"/>
  <File Type="PWROPT-DCP" Name="blinker_pwropt.dcp"/>
  <File Type="PLACE-DCP" Name="blinker_placed.dcp"/>
  <File Type="PLACE-IO" Name="blinker_io_placed.rpt"/>
  <File Type="PLACE-UTIL" Name="blinker_utilization_placed.rpt"/>
  <File Type="PLACE-UTIL-PB" Name="blinker_utilization_placed.pb"/>
  <File Type="PLACE-CTRL" Name="blinker_control_sets_placed.rpt"/>
  <File Type="PLACE-PRE-SIMILARITY" Name="blinker_incremental_reuse_pre_placed.rpt"/>
  <File Type="BG-BGN" Name="blinker.bgn"/>
  <File Type="POSTPLACE-PWROPT-DCP" Name="blinker_postplace_pwropt.dcp"/>
  <File Type="BG-BIN" Name="blinker.bin"/>
  <File Type="PHYSOPT-DCP" Name="blinker_physopt.dcp"/>
  <File Type="BITSTR-MSK" Name="blinker.msk"/>
  <File Type="ROUTE-ERROR-DCP" Name="blinker_routed_error.dcp"/>
  <File Type="ROUTE-DCP" Name="blinker_routed.dcp"/>
  <File Type="ROUTE-BLACKBOX-DCP" Name="blinker_routed_bb.dcp"/>
  <File Type="ROUTE-DRC" Name="blinker_drc_routed.rpt"/>
  <File Type="ROUTE-DRC-PB" Name="blinker_drc_routed.pb"/>
  <File Type="ROUTE-DRC-RPX" Name="blinker_drc_routed.rpx"/>
  <File Type="BITSTR-LTX" Name="blinker.ltx"/>
  <File Type="ROUTE-METHODOLOGY-DRC" Name="blinker_methodology_drc_routed.rpt"/>
  <File Type="BITSTR-MMI" Name="blinker.mmi"/>
  <File Type="ROUTE-METHODOLOGY-DRC-RPX" Name="blinker_methodology_drc_routed.rpx"/>
  <File Type="ROUTE-METHODOLOGY-DRC-PB" Name="blinker_methodology_drc_routed.pb"/>
  <File Type="BITSTR-SYSDEF" Name="blinker.sysdef"/>
  <File Type="ROUTE-PWR-RPX" Name="blinker_power_routed.rpx"/>
  <File Type="ROUTE-STATUS" Name="blinker_route_status.rpt"/>
  <File Type="ROUTE-STATUS-PB" Name="blinker_route_status.pb"/>
  <File Type="ROUTE-TIMINGSUMMARY" Name="blinker_timing_summary_routed.rpt"/>
  <File Type="ROUTE-TIMING-PB" Name="blinker_timing_summary_routed.pb"/>
  <File Type="ROUTE-TIMING-RPX" Name="blinker_timing_summary_routed.rpx"/>
  <File Type="ROUTE-CLK" Name="blinker_clock_utilization_routed.rpt"/>
  <File Type="ROUTE-BUS-SKEW" Name="blinker_bus_skew_routed.rpt"/>
  <File Type="ROUTE-BUS-SKEW-PB" Name="blinker_bus_skew_routed.pb"/>
  <File Type="ROUTE-BUS-SKEW-RPX" Name="blinker_bus_skew_routed.rpx"/>
  <File Type="POSTROUTE-PHYSOPT-DCP" Name="blinker_postroute_physopt.dcp"/>
  <File Type="POSTROUTE-PHYSOPT-BLACKBOX-DCP" Name="blinker_postroute_physopt_bb.dcp"/>
  <File Type="BG-BIT" Name="blinker.bit"/>
  <File Type="BITSTR-RBT" Name="blinker.rbt"/>
  <File Type="BITSTR-NKY" Name="blinker.nky"/>
  <File Type="BG-DRC" Name="blinker.drc"/>
  <File Type="RDI-RDI" Name="blinker.vdi"/>
  <File Type="WBT-USG" Name="usage_statistics_webtalk.html"/>
  <FileSet Name="sources" Type="DesignSrcs" RelSrcDir="$PSRCDIR/sources_1">
    <Filter Type="Srcs"/>
    <File Path="$PSRCDIR/sources_1/imports/2_hierarchy/blinker.v">
      <FileInfo>
        <Attr Name="ImportPath" Val="$PPRDIR/../../../../../../../../PycharmProjects/pygmyhdl/examples/2_hierarchy/blinker.v"/>
        <Attr Name="ImportTime" Val="1607779085"/>
        <Attr Name="UsedIn" Val="synthesis"/>
        <Attr Name="UsedIn" Val="implementation"/>
        <Attr Name="UsedIn" Val="simulation"/>
      </FileInfo>
    </File>
    <Config>
      <Option Name="DesignMode" Val="RTL"/>
      <Option Name="TopModule" Val="blinker"/>
      <Option Name="TopAutoSet" Val="TRUE"/>
    </Config>
  </FileSet>
  <FileSet Name="constrs_in" Type="Constrs" RelSrcDir="$PSRCDIR/constrs_1">
    <Filter Type="Constrs"/>
    <File Path="$PSRCDIR/constrs_1/new/const.xdc">
      <FileInfo>
        <Attr Name="ImportPath" Val="$PPRDIR/../../../../../../../../PycharmProjects/pygmyhdl/project_2/project_2.srcs/constrs_1/new/const.xdc"/>
        <Attr Name="ImportTime" Val="1607782010"/>
        <Attr Name="UsedIn" Val="synthesis"/>
        <Attr Name="UsedIn" Val="implementation"/>
      </FileInfo>
    </File>
    <Config>
      <Option Name="TargetConstrsFile" Val="$PSRCDIR/constrs_1/new/const.xdc"/>
      <Option Name="ConstrsType" Val="XDC"/>
    </Config>
  </FileSet>
  <Strategy Version="1" Minor="2">
    <StratHandle Name="Vivado Implementation Defaults" Flow="Vivado Implementation 2018"/>
    <Step Id="init_design"/>
    <Step Id="opt_design"/>
    <Step Id="power_opt_design"/>
    <Step Id="place_design"/>
    <Step Id="post_place_power_opt_design"/>
    <Step Id="phys_opt_design"/>
    <Step Id="route_design"/>
    <Step Id="post_route_phys_opt_design"/>
    <Step Id="write_bitstream"/>
  </Strategy>
</GenRun>
